"uuid","lga","state","zone","lga_id","child_health_yellow_fever_immun_calc","unique_lga","facility_name","condoms_yn","src","inpatient_care_yn","tb_treatment_yn","medication_folic_acid","compr_oc_blood_transfusions","child_health_growth_monitor","malaria_treatment_artemisinin","formhub_photo_id","gps","phcn_electricity","num_nurses_fulltime","num_lab_techs_fulltime","num_doctors_fulltime","child_health_mebendazole","medication_antihistamines","oral_antibiotics_calc","medication_anti_malarials","malaria_treatment_sulphadoxine","equipment_refrigerator","family_planning_iud_calc","child_health_csm_immunization_calc","supplements.folic_acid","child_health_bcg_immunization_calc","child_health_hepb_immunization_calc","child_health_tetanus_immun_calc","child_health_dpt_immunization_calc","child_health_opv_immuization_calc","child_health_measles_immun_calc","family_planning_implants_calc","has_itns","lab_tests_hemoglobin_testing_calc","facility_open_247_yn","lab_tests_urine_testing_calc","emoc_vacuum_extractor","compr_oc_c_sections","antishock_garment_yn","emoc_parenteral_anticonvulsant","facility_type","iv_medications_yn","medication.uterotonics","lab_tests_pregnancy_calc","medication_iron_tablets","lab_tests_stool_calc","lab_tests_tb_microscopy_calc","hiv_treatment_yn","community","ward","date_of_survey","photo_url","photo_url_sml","management","maternal_health_delivery_services","skilled_birth_attendant","num_chews_and_chos","num_chews_total","vaccines_fridge_freezer","emergency_transport","improved_water_supply","improved_sanitation","maternal_health_delivery_services_24_7","essential_meds_stockout","emergency_transport_currently_functioning","c_section_yn","num_chews_fulltime","num_nursemidwives_fulltime","staff_paid_lastmth_yn","sulpha_and_antenatal","emoc_forceps","scale_yn","equipment_bp_machine","hiv_tx_srvcs_pmtct_services_calc","mobile_signal_funct_yn","iv_antibiotics_yn_calc","uterotonics_yn_calc","at_least_two_skilled_birth_attendants","at_least_three_skilled_birth_attendants","at_least_four_skilled_birth_attendants","family_planning_pill_calc_calc","family_planning_injectables_calc_calc","sterilization_yn_calc","vaccines_icepack_calc","malaria_testing","paid_services_malaria_treatment","potable_water_access","improved_sanitation_and_functional","lab_tests_hiv_testing_calc","health_no_user_fees","routine_immunization","health_no_delivery_user_fees","health_no_child_user_fees","lga_valid","lga_orig","dist_euc","dist_fake","sector"
"0e991f4c-3c47-4bf5-b7fe-2d5ce259d31b","Barkin-Ladi","Plateau","North-Central",91,TRUE,"plateau_barkin_ladi","PHC",TRUE,"661",FALSE,FALSE,TRUE,NA,TRUE,TRUE,"1343897970679.jpg","9.57723376 8.98908176 1285.699951171875 5.0",FALSE,0,1,0,NA,FALSE,TRUE,TRUE,FALSE,NA,FALSE,FALSE,TRUE,TRUE,TRUE,TRUE,TRUE,TRUE,TRUE,FALSE,FALSE,FALSE,NA,TRUE,NA,FALSE,FALSE,NA,"primaryhealthcarecentre",FALSE,FALSE,TRUE,TRUE,TRUE,FALSE,FALSE,"Nafan Dredge","Rafan","2012-08-02 09:59:04","http://formhub.s3.amazonaws.com/ossap/attachments/1343897970679.jpg","https://formhub.org/attachment/small?media_file=ossap/attachments/1343897970679.jpg","public",FALSE,FALSE,2,2,NA,FALSE,TRUE,TRUE,FALSE,TRUE,FALSE,FALSE,2,0,FALSE,TRUE,FALSE,TRUE,TRUE,FALSE,FALSE,NA,NA,FALSE,FALSE,FALSE,NA,NA,NA,NA,TRUE,TRUE,TRUE,TRUE,FALSE,TRUE,TRUE,TRUE,FALSE,91,91,NA,NA,"health"
"aa99a47b-3d6d-4fd9-9e41-f51b29421455","Anaocha","Anambra","Southeast",49,FALSE,"anambra_anaocha","PHC/CRRHC",TRUE,"661",TRUE,FALSE,TRUE,NA,TRUE,TRUE,"1335862545149.jpg","6.07903635 7.00366347 276.1000061035156 5.0",TRUE,2,NA,NA,NA,FALSE,FALSE,TRUE,TRUE,NA,FALSE,FALSE,TRUE,TRUE,FALSE,TRUE,FALSE,TRUE,TRUE,FALSE,TRUE,TRUE,TRUE,TRUE,NA,FALSE,TRUE,NA,"primaryhealthcarecentre",FALSE,FALSE,TRUE,TRUE,FALSE,FALSE,FALSE,"UMUDIOKA VILLAGE NENI","WARD 1 NENI","2012-05-01 09:53:11","http://formhub.s3.amazonaws.com/ossap/attachments/1335862545149.jpg","https://formhub.org/attachment/small?media_file=ossap/attachments/1335862545149.jpg","public",TRUE,TRUE,3,3,NA,FALSE,FALSE,TRUE,TRUE,TRUE,TRUE,FALSE,3,5,TRUE,TRUE,TRUE,TRUE,FALSE,FALSE,FALSE,NA,NA,TRUE,TRUE,TRUE,TRUE,TRUE,FALSE,NA,FALSE,TRUE,FALSE,TRUE,TRUE,TRUE,TRUE,TRUE,FALSE,49,49,NA,NA,"health"
"cd2f1177-1e7a-4f96-b988-354be3cc5ffe","Batsari","Katsina","Northwest",96,TRUE,"katsina_batsari","Maternal & Child Health Clinic, Dankar",FALSE,"661",TRUE,TRUE,TRUE,NA,TRUE,TRUE,"1343299674217.jpg","12.91273864 7.31050997 472.3999938964844 5.0",FALSE,1,1,0,NA,TRUE,TRUE,TRUE,TRUE,FALSE,FALSE,TRUE,TRUE,TRUE,TRUE,TRUE,TRUE,TRUE,TRUE,FALSE,FALSE,TRUE,TRUE,TRUE,TRUE,FALSE,FALSE,TRUE,"primaryhealthclinic",TRUE,TRUE,TRUE,TRUE,TRUE,FALSE,TRUE,"Dankar","Kandawa","2012-07-26 11:45:49","http://formhub.s3.amazonaws.com/ossap/attachments/1343299674217.jpg","https://formhub.org/attachment/small?media_file=ossap/attachments/1343299674217.jpg","public",TRUE,TRUE,2,2,FALSE,FALSE,FALSE,TRUE,TRUE,TRUE,TRUE,FALSE,2,0,TRUE,TRUE,TRUE,TRUE,TRUE,TRUE,FALSE,TRUE,TRUE,FALSE,FALSE,FALSE,TRUE,TRUE,FALSE,FALSE,TRUE,NA,NA,TRUE,TRUE,FALSE,TRUE,NA,TRUE,96,96,NA,NA,"health"
"49a60182-879d-4446-bfe5-802252dc220c","Orlu","Imo","Southeast",611,TRUE,"imo_orlu","Comprehensive Health Center Eziachi",FALSE,"661",TRUE,FALSE,TRUE,NA,TRUE,TRUE,"1345810602272.jpg","5.768364071846008 7.061988115310669 241.0 4.0",TRUE,0,0,0,NA,FALSE,TRUE,TRUE,FALSE,NA,FALSE,TRUE,TRUE,TRUE,TRUE,TRUE,TRUE,TRUE,TRUE,FALSE,TRUE,FALSE,TRUE,FALSE,NA,FALSE,FALSE,NA,"comprehensivehealthcentre",TRUE,TRUE,FALSE,TRUE,FALSE,FALSE,TRUE,"Eziachi","Amaike/Eziachi","2012-08-24 13:15:38","http://formhub.s3.amazonaws.com/ossap/attachments/1345810602272.jpg","https://formhub.org/attachment/small?media_file=ossap/attachments/1345810602272.jpg","public",TRUE,FALSE,4,3,NA,FALSE,FALSE,FALSE,FALSE,TRUE,TRUE,FALSE,3,0,TRUE,TRUE,TRUE,TRUE,TRUE,TRUE,FALSE,TRUE,NA,FALSE,FALSE,FALSE,TRUE,FALSE,FALSE,NA,TRUE,TRUE,FALSE,FALSE,FALSE,TRUE,TRUE,TRUE,TRUE,611,611,NA,NA,"health"
"52b66b29-6f5e-4b82-b5b9-92d2deaabdea","Guma","Benue","North-Central",258,FALSE,"benue_guma","XXX",FALSE,"661",FALSE,FALSE,NA,NA,FALSE,TRUE,"1343662587849.jpg","7.71806025 8.74342196 147.89999389648438 5.0",FALSE,0,0,0,NA,FALSE,TRUE,FALSE,FALSE,NA,FALSE,FALSE,TRUE,FALSE,FALSE,FALSE,FALSE,FALSE,FALSE,FALSE,FALSE,FALSE,TRUE,FALSE,NA,FALSE,FALSE,NA,"primaryhealthcarecentre",TRUE,FALSE,FALSE,FALSE,FALSE,FALSE,FALSE,"Ijoh","Uvir","2012-07-30 16:34:42","http://formhub.s3.amazonaws.com/ossap/attachments/1343662587849.jpg","https://formhub.org/attachment/small?media_file=ossap/attachments/1343662587849.jpg","public",TRUE,FALSE,3,3,NA,FALSE,FALSE,NA,FALSE,TRUE,FALSE,FALSE,3,0,TRUE,NA,TRUE,FALSE,TRUE,FALSE,FALSE,TRUE,NA,FALSE,FALSE,FALSE,NA,NA,NA,NA,FALSE,FALSE,NA,NA,FALSE,TRUE,FALSE,FALSE,FALSE,258,258,NA,NA,"health"
"378171cf-143b-4893-997b-f34493e02ed3","Ayamelum","Anambra","Southeast",76,TRUE,"anambra_ayamelum","Model  Primary  Health  Care  Centre",FALSE,"661",TRUE,TRUE,TRUE,NA,TRUE,TRUE,"1336053473872.jpg","6.481826305389404 6.938955187797546 78.0 6.0",FALSE,0,1,1,NA,FALSE,TRUE,TRUE,FALSE,NA,FALSE,TRUE,TRUE,TRUE,TRUE,TRUE,TRUE,TRUE,TRUE,FALSE,FALSE,TRUE,TRUE,TRUE,FALSE,FALSE,FALSE,TRUE,"wardmodelphccentre",FALSE,FALSE,TRUE,TRUE,TRUE,FALSE,FALSE,"Anaku","Anaku","2012-05-03 14:55:09","http://formhub.s3.amazonaws.com/ossap/attachments/1336053473872.jpg","https://formhub.org/attachment/small?media_file=ossap/attachments/1336053473872.jpg","public",TRUE,TRUE,0,0,NA,FALSE,FALSE,TRUE,FALSE,NA,TRUE,FALSE,0,1,TRUE,TRUE,FALSE,TRUE,TRUE,FALSE,FALSE,TRUE,TRUE,TRUE,FALSE,FALSE,NA,NA,NA,NA,TRUE,TRUE,FALSE,TRUE,TRUE,TRUE,TRUE,FALSE,FALSE,76,76,NA,NA,"health"
"5fd175d2-8b54-4793-ab11-46849b90339f","Gamawa","Bauchi","Northeast",232,FALSE,"bauchi_gamawa","Kasuwa dole despensary",FALSE,"661",FALSE,FALSE,NA,NA,FALSE,TRUE,"1339777124451.jpg","12.27000784 10.52387339 382.6000061035156 5.0",FALSE,0,0,0,NA,FALSE,FALSE,FALSE,FALSE,NA,FALSE,FALSE,FALSE,TRUE,FALSE,FALSE,FALSE,TRUE,FALSE,FALSE,FALSE,FALSE,NA,FALSE,NA,FALSE,FALSE,NA,"healthpostdispensary",FALSE,FALSE,FALSE,FALSE,FALSE,FALSE,FALSE,"Kasuwa dole","Jadori","2012-06-15 17:17:46","http://formhub.s3.amazonaws.com/ossap/attachments/1339777124451.jpg","https://formhub.org/attachment/small?media_file=ossap/attachments/1339777124451.jpg","public",FALSE,FALSE,2,2,NA,FALSE,FALSE,NA,FALSE,NA,FALSE,FALSE,2,0,TRUE,NA,FALSE,TRUE,TRUE,FALSE,FALSE,NA,NA,FALSE,FALSE,FALSE,TRUE,TRUE,FALSE,NA,FALSE,NA,NA,NA,FALSE,FALSE,TRUE,NA,TRUE,232,232,NA,NA,"health"
"e5e39a78-71a1-4fef-8625-5125138a5fbe","Kosofe","Lagos","Southwest",441,NA,"lagos_kosofe","Xxx",NA,"661",TRUE,TRUE,TRUE,FALSE,NA,TRUE,"1347271690548.jpg","6.60113991 3.41806628 35.29999923706055 5.0",NA,1,0,1,NA,NA,NA,NA,NA,NA,NA,NA,NA,NA,NA,NA,NA,NA,NA,NA,NA,NA,TRUE,NA,TRUE,TRUE,NA,TRUE,"primaryhealthcarecentre",NA,NA,NA,NA,NA,NA,NA,"Owode","E","2012-09-10 11:06:40","http://formhub.s3.amazonaws.com/ossap/attachments/1347271690548.jpg","https://formhub.org/attachment/small?media_file=ossap/attachments/1347271690548.jpg",NA,TRUE,TRUE,6,6,NA,TRUE,NA,NA,TRUE,NA,TRUE,TRUE,6,2,NA,FALSE,NA,NA,NA,NA,NA,TRUE,TRUE,TRUE,TRUE,FALSE,TRUE,TRUE,TRUE,NA,NA,NA,NA,NA,NA,NA,NA,NA,NA,441,441,NA,NA,"health"
"78f95d51-8ffe-4e55-b876-0de8fd0cd665","Bekwara","Cross River","South-South",101,TRUE,"cross_river_bekwara","PHC",TRUE,"661",TRUE,TRUE,NA,NA,FALSE,TRUE,"1345967321693.jpg","6.6513848304748535 8.869051337242126 151.0 4.0",FALSE,3,2,0,NA,TRUE,TRUE,TRUE,TRUE,FALSE,FALSE,FALSE,TRUE,TRUE,TRUE,TRUE,TRUE,TRUE,TRUE,FALSE,TRUE,TRUE,TRUE,TRUE,FALSE,FALSE,FALSE,FALSE,"primaryhealthcarecentre",TRUE,TRUE,TRUE,TRUE,TRUE,FALSE,FALSE,"Unwagba","Ukpah","2012-08-26 08:43:37","http://formhub.s3.amazonaws.com/ossap/attachments/1345967321693.jpg","https://formhub.org/attachment/small?media_file=ossap/attachments/1345967321693.jpg","public",TRUE,TRUE,7,6,FALSE,FALSE,TRUE,TRUE,TRUE,NA,TRUE,FALSE,6,4,TRUE,NA,TRUE,FALSE,FALSE,FALSE,FALSE,TRUE,TRUE,TRUE,TRUE,TRUE,TRUE,TRUE,FALSE,FALSE,TRUE,NA,FALSE,TRUE,FALSE,TRUE,TRUE,TRUE,TRUE,101,101,NA,NA,"health"
"43e0daa6-e8be-45a4-9317-962465ba7423","Gurara","Niger","North-Central",261,FALSE,"niger_gurara","BHC Shako",FALSE,"661",FALSE,FALSE,NA,NA,FALSE,TRUE,"1347282824229.jpg","9.38993463 7.07370386 531.2000122070313 5.0",FALSE,0,0,0,NA,FALSE,TRUE,FALSE,FALSE,NA,FALSE,FALSE,TRUE,TRUE,FALSE,TRUE,FALSE,FALSE,FALSE,FALSE,FALSE,FALSE,TRUE,FALSE,FALSE,FALSE,FALSE,TRUE,"primaryhealthclinic",FALSE,FALSE,FALSE,TRUE,FALSE,FALSE,FALSE,"Shako","Shako","2012-09-10 14:11:53","http://formhub.s3.amazonaws.com/ossap/attachments/1347282824229.jpg","https://formhub.org/attachment/small?media_file=ossap/attachments/1347282824229.jpg","public",TRUE,FALSE,2,2,NA,FALSE,FALSE,NA,FALSE,TRUE,TRUE,FALSE,2,0,TRUE,NA,FALSE,TRUE,TRUE,FALSE,FALSE,TRUE,TRUE,FALSE,FALSE,FALSE,TRUE,TRUE,FALSE,NA,FALSE,FALSE,NA,NA,FALSE,TRUE,TRUE,FALSE,FALSE,261,261,NA,NA,"health"
"954bd06a-c222-4c78-be2b-b9128511bf13","Ise/Orun","Ekiti","Southwest",359,NA,"ekiti_ise_orun","Similoluwa Clinic",NA,"661",FALSE,FALSE,NA,NA,NA,TRUE,"1338031969218.jpg","7.46085228 5.4184795 390.29998779296875 5.0",NA,2,0,1,NA,NA,NA,NA,NA,NA,NA,NA,NA,NA,NA,NA,NA,NA,NA,NA,NA,NA,NA,NA,NA,FALSE,NA,NA,"healthpostdispensary",NA,NA,NA,NA,NA,NA,NA,"Ofigba","Odose-Ward I","2012-05-26 12:29:26","http://formhub.s3.amazonaws.com/ossap/attachments/1338031969218.jpg","https://formhub.org/attachment/small?media_file=ossap/attachments/1338031969218.jpg",NA,FALSE,TRUE,0,0,NA,TRUE,NA,NA,FALSE,NA,TRUE,FALSE,0,2,NA,NA,NA,NA,NA,NA,NA,NA,NA,TRUE,TRUE,TRUE,NA,NA,NA,NA,NA,NA,NA,NA,NA,NA,NA,NA,NA,359,359,NA,NA,"health"
"99fd8252-ad3e-48d6-80d0-ad5de7c1719a","Qua'an-Pan","Plateau","North-Central",647,TRUE,"plateau_qua_an_pan","PHC Fungleet",TRUE,"661",TRUE,FALSE,TRUE,NA,TRUE,TRUE,"1338464181097.jpg","8.94172905 9.20143198 359.29998779296875 5.0",FALSE,NA,1,NA,NA,TRUE,TRUE,TRUE,TRUE,NA,FALSE,FALSE,TRUE,TRUE,TRUE,TRUE,TRUE,TRUE,TRUE,FALSE,FALSE,TRUE,TRUE,TRUE,NA,FALSE,FALSE,NA,"primaryhealthcarecentre",TRUE,FALSE,TRUE,TRUE,TRUE,FALSE,FALSE,"Fungleet","Goechim","2012-05-31 12:35:12","http://formhub.s3.amazonaws.com/ossap/attachments/1338464181097.jpg","https://formhub.org/attachment/small?media_file=ossap/attachments/1338464181097.jpg","public",TRUE,FALSE,2,1,NA,FALSE,TRUE,TRUE,TRUE,TRUE,TRUE,FALSE,1,0,TRUE,FALSE,FALSE,TRUE,TRUE,FALSE,FALSE,TRUE,NA,FALSE,FALSE,FALSE,TRUE,TRUE,TRUE,NA,TRUE,FALSE,TRUE,TRUE,TRUE,TRUE,TRUE,FALSE,FALSE,647,647,NA,NA,"health"
"61fc8e3a-0714-4206-86cd-ec21b23c38f7","Rijau","Niger","North-Central",652,FALSE,"niger_rijau","Xxx ",TRUE,"661",TRUE,FALSE,FALSE,NA,TRUE,TRUE,"1338116438370.jpg","11.266361474990845 4.951384663581848 284.0 4.0",FALSE,0,0,0,NA,FALSE,TRUE,FALSE,FALSE,NA,FALSE,FALSE,TRUE,FALSE,FALSE,FALSE,FALSE,FALSE,FALSE,FALSE,FALSE,FALSE,NA,FALSE,FALSE,FALSE,FALSE,FALSE,"healthpostdispensary",TRUE,FALSE,FALSE,TRUE,FALSE,FALSE,FALSE,"Farin ruwa ","Dukku ","2012-05-27 11:58:06","http://formhub.s3.amazonaws.com/ossap/attachments/1338116438370.jpg","https://formhub.org/attachment/small?media_file=ossap/attachments/1338116438370.jpg","public",FALSE,FALSE,1,1,NA,FALSE,TRUE,TRUE,FALSE,TRUE,TRUE,FALSE,1,0,TRUE,FALSE,FALSE,TRUE,TRUE,FALSE,FALSE,TRUE,FALSE,FALSE,FALSE,FALSE,NA,NA,NA,NA,FALSE,TRUE,NA,TRUE,FALSE,TRUE,FALSE,TRUE,FALSE,652,652,NA,NA,"health"
"512a4d13-7989-41ec-abf4-8b9116bd320e","Ofu","Kogi","North-Central",561,NA,"kogi_ofu","ELEOJO  OJODU",NA,"661",TRUE,FALSE,TRUE,NA,NA,TRUE,"1338016112139.jpg","7.411426305770874 6.908286809921265 158.0 4.0",NA,1,1,0,NA,NA,NA,NA,NA,NA,NA,NA,NA,NA,NA,NA,NA,NA,NA,NA,NA,NA,TRUE,NA,NA,FALSE,NA,NA,"primaryhealthclinic",NA,NA,NA,NA,NA,NA,NA,"OJODU","ALOJI","2012-05-26 08:07:16","http://formhub.s3.amazonaws.com/ossap/attachments/1338016112139.jpg","https://formhub.org/attachment/small?media_file=ossap/attachments/1338016112139.jpg",NA,TRUE,TRUE,6,6,NA,FALSE,NA,NA,FALSE,NA,TRUE,FALSE,6,0,NA,TRUE,NA,NA,NA,NA,NA,NA,NA,FALSE,FALSE,FALSE,TRUE,TRUE,FALSE,NA,NA,NA,NA,NA,NA,NA,NA,NA,NA,561,561,NA,NA,"health"
"7735f5f0-a18c-498e-8128-562a5c0185e3","Ezinihitte","Imo","Southeast",218,NA,"imo_ezinihitte","Ancilla hospital ihitte",NA,"661",TRUE,FALSE,TRUE,TRUE,NA,TRUE,"1340199071534.jpg","5.49070932 7.28365219 165.3000030517578 5.0",NA,7,1,0,NA,NA,NA,NA,NA,NA,NA,NA,NA,NA,NA,NA,NA,NA,NA,NA,NA,NA,TRUE,NA,TRUE,TRUE,NA,TRUE,"comprehensivehealthcentre",NA,NA,NA,NA,NA,NA,NA,"Ihitte","Three","2012-06-20 14:30:10","http://formhub.s3.amazonaws.com/ossap/attachments/1340199071534.jpg","https://formhub.org/attachment/small?media_file=ossap/attachments/1340199071534.jpg",NA,TRUE,TRUE,0,0,NA,TRUE,NA,NA,TRUE,NA,TRUE,TRUE,0,6,NA,FALSE,NA,NA,NA,NA,NA,TRUE,TRUE,TRUE,TRUE,TRUE,FALSE,FALSE,FALSE,NA,NA,NA,NA,NA,NA,NA,NA,NA,NA,10,218,0.000288933179543845,0.0320901881527871,"health"
"b9245476-6de5-4d2a-baa2-730890620f7b","Shagamu","Ogun","Southwest",671,TRUE,"ogun_shagamu","Ajegunle Health Centre",FALSE,"661",TRUE,FALSE,TRUE,NA,FALSE,TRUE,"1346253837735.jpg","6.69276612 3.49483379 92.4000015258789 5.0",TRUE,0,0,0,NA,FALSE,TRUE,FALSE,FALSE,NA,FALSE,FALSE,TRUE,TRUE,TRUE,TRUE,TRUE,TRUE,TRUE,FALSE,FALSE,FALSE,TRUE,TRUE,NA,FALSE,FALSE,NA,"primaryhealthclinic",FALSE,FALSE,TRUE,TRUE,FALSE,FALSE,FALSE,"Ogijo","10","2012-08-29 16:23:04","http://formhub.s3.amazonaws.com/ossap/attachments/1346253837735.jpg","https://formhub.org/attachment/small?media_file=ossap/attachments/1346253837735.jpg","public",TRUE,TRUE,3,3,NA,FALSE,FALSE,NA,TRUE,TRUE,TRUE,FALSE,3,1,TRUE,TRUE,FALSE,FALSE,TRUE,FALSE,FALSE,NA,NA,FALSE,FALSE,FALSE,TRUE,TRUE,FALSE,NA,TRUE,NA,NA,NA,TRUE,FALSE,TRUE,NA,TRUE,671,671,NA,NA,"health"
"d23c083c-6383-44ca-b576-b0ba5d55ef53","Ihiala","Anambra","Southeast",312,NA,"anambra_ihiala","Divine Mercy hospital & maternity",NA,"661",TRUE,FALSE,FALSE,FALSE,NA,FALSE,"1339593395327.jpg","5.88475837 6.89508114 110.30000305175781 5.0",NA,2,0,1,NA,NA,NA,NA,NA,NA,NA,NA,NA,NA,NA,NA,NA,NA,NA,NA,NA,NA,TRUE,NA,FALSE,TRUE,NA,FALSE,"cottagehospital",NA,NA,NA,NA,NA,NA,NA,"Azia","5","2012-06-13 14:15:28","http://formhub.s3.amazonaws.com/ossap/attachments/1339593395327.jpg","https://formhub.org/attachment/small?media_file=ossap/attachments/1339593395327.jpg",NA,TRUE,TRUE,0,0,NA,FALSE,NA,NA,TRUE,NA,TRUE,TRUE,0,1,NA,FALSE,NA,NA,NA,NA,NA,TRUE,FALSE,TRUE,TRUE,FALSE,NA,NA,NA,NA,NA,NA,NA,NA,NA,NA,NA,NA,NA,312,312,NA,NA,"health"
"b3cb1281-b51e-4a71-9af5-8ee190dfa991","Daura","Katsina","Northwest",152,TRUE,"katsina_daura","Tanbu H C",FALSE,"661",TRUE,FALSE,TRUE,NA,FALSE,TRUE,"1347017855749.jpg","13.00102093 8.27167124 496.8999938964844 5.0",FALSE,0,0,0,NA,FALSE,TRUE,TRUE,TRUE,NA,TRUE,FALSE,TRUE,FALSE,TRUE,TRUE,TRUE,TRUE,TRUE,FALSE,FALSE,FALSE,NA,FALSE,NA,FALSE,FALSE,NA,"primaryhealthcarecentre",FALSE,FALSE,FALSE,TRUE,FALSE,FALSE,FALSE,"Tanbu","Mazoji A","2012-09-07 12:35:34","http://formhub.s3.amazonaws.com/ossap/attachments/1347017855749.jpg","https://formhub.org/attachment/small?media_file=ossap/attachments/1347017855749.jpg","public",FALSE,FALSE,5,5,NA,FALSE,FALSE,TRUE,FALSE,NA,FALSE,FALSE,5,0,TRUE,TRUE,FALSE,TRUE,TRUE,FALSE,FALSE,TRUE,NA,FALSE,FALSE,FALSE,TRUE,TRUE,FALSE,NA,FALSE,NA,NA,TRUE,FALSE,FALSE,TRUE,NA,TRUE,152,152,NA,NA,"health"
"bcb28384-615b-49b1-a18c-795a2895a70a","Ndokwa-West","Delta","South-South",523,NA,"delta_ndokwa_west","Donak Hospital",NA,"661",TRUE,FALSE,TRUE,TRUE,NA,TRUE,"1347823425708.jpg","5.70480295 6.43165459 34.099998474121094 5.0",NA,8,1,2,NA,NA,NA,NA,NA,NA,NA,NA,NA,NA,NA,NA,NA,NA,NA,NA,NA,NA,TRUE,NA,FALSE,TRUE,NA,TRUE,"primaryhealthcarecentre",NA,NA,NA,NA,NA,NA,NA,"Utagba Ogbe","1","2012-09-16 20:22:04","http://formhub.s3.amazonaws.com/ossap/attachments/1347823425708.jpg","https://formhub.org/attachment/small?media_file=ossap/attachments/1347823425708.jpg",NA,TRUE,TRUE,0,0,NA,FALSE,NA,NA,TRUE,NA,TRUE,TRUE,0,2,NA,TRUE,NA,NA,NA,NA,NA,TRUE,TRUE,TRUE,TRUE,TRUE,TRUE,TRUE,FALSE,NA,NA,NA,NA,NA,NA,NA,NA,NA,NA,523,523,NA,NA,"health"
"9bacce98-b991-4d44-9857-94876d63308e","Surulere","Lagos","Southwest",694,NA,"lagos_surulere","Chironna Medical Center",NA,"661",TRUE,TRUE,TRUE,TRUE,NA,TRUE,"1342108707890.jpg","6.49775137 3.35969109 42.400001525878906 5.0",NA,3,2,3,NA,NA,NA,NA,NA,NA,NA,NA,NA,NA,NA,NA,NA,NA,NA,NA,NA,NA,TRUE,NA,TRUE,TRUE,NA,TRUE,"specialisthospital",NA,NA,NA,NA,NA,NA,NA,"Adebola Street Adeniran Ogunsanya","G2","2012-07-12 16:57:22","http://formhub.s3.amazonaws.com/ossap/attachments/1342108707890.jpg","https://formhub.org/attachment/small?media_file=ossap/attachments/1342108707890.jpg",NA,TRUE,TRUE,0,0,NA,TRUE,NA,NA,TRUE,NA,TRUE,TRUE,0,6,NA,TRUE,NA,NA,NA,NA,NA,TRUE,TRUE,TRUE,TRUE,TRUE,TRUE,TRUE,TRUE,NA,NA,NA,NA,NA,NA,NA,NA,NA,NA,694,694,NA,NA,"health"
"b85ae543-d56f-45e3-963d-15145ea87594","Maradun","Zamfara","Northwest",488,TRUE,"zamfara_maradun","Dispensary Danau",FALSE,"661",FALSE,FALSE,NA,NA,FALSE,FALSE,"1336127101345.jpg","12.763087749481201 6.25272810459137 364.0 4.0",FALSE,0,0,0,NA,FALSE,FALSE,FALSE,FALSE,NA,FALSE,FALSE,FALSE,TRUE,FALSE,FALSE,FALSE,TRUE,FALSE,FALSE,FALSE,FALSE,NA,FALSE,NA,FALSE,FALSE,NA,"healthpostdispensary",FALSE,FALSE,FALSE,FALSE,FALSE,FALSE,FALSE,"Danau","Faru Magami","2012-05-04 10:24:09","http://formhub.s3.amazonaws.com/ossap/attachments/1336127101345.jpg","https://formhub.org/attachment/small?media_file=ossap/attachments/1336127101345.jpg","public",FALSE,FALSE,2,0,NA,FALSE,TRUE,TRUE,FALSE,NA,TRUE,FALSE,0,0,TRUE,NA,FALSE,FALSE,FALSE,FALSE,FALSE,NA,NA,FALSE,FALSE,FALSE,NA,NA,NA,NA,FALSE,NA,TRUE,TRUE,FALSE,FALSE,TRUE,NA,TRUE,488,488,NA,NA,"health"
"1e15f812-084f-4914-a297-ff5462da5ab7","kaduna South","Kaduna","Northwest",396,NA,"kaduna_kaduna_south","Hauwa nursing and maternity",NA,"661",TRUE,FALSE,TRUE,NA,NA,TRUE,"1347366534174.jpg","10.50716994 7.39845258 633.4000244140625 5.0",NA,5,0,0,NA,NA,NA,NA,NA,NA,NA,NA,NA,NA,NA,NA,NA,NA,NA,NA,NA,NA,TRUE,NA,FALSE,FALSE,NA,TRUE,"maternity",NA,NA,NA,NA,NA,NA,NA,"Kabals","Ward7","2012-09-11 13:23:31","http://formhub.s3.amazonaws.com/ossap/attachments/1347366534174.jpg","https://formhub.org/attachment/small?media_file=ossap/attachments/1347366534174.jpg",NA,TRUE,TRUE,5,3,NA,FALSE,NA,NA,TRUE,NA,FALSE,FALSE,3,1,NA,TRUE,NA,NA,NA,NA,NA,TRUE,FALSE,TRUE,TRUE,TRUE,TRUE,TRUE,FALSE,NA,NA,NA,NA,NA,NA,NA,NA,NA,NA,396,396,NA,NA,"health"
"774e5268-024d-4f68-be15-af5378bd36a5","Sakaba","Kebbi","Northwest",664,TRUE,"kebbi_sakaba","MCH",TRUE,"661",TRUE,FALSE,TRUE,NA,TRUE,TRUE,"1343642287120.jpg","11.24467988 5.46029306 360.20001220703125 5.0",TRUE,0,0,0,NA,FALSE,FALSE,FALSE,FALSE,NA,FALSE,FALSE,FALSE,TRUE,TRUE,TRUE,TRUE,TRUE,TRUE,FALSE,FALSE,FALSE,TRUE,FALSE,TRUE,FALSE,FALSE,TRUE,"maternity",FALSE,FALSE,TRUE,FALSE,FALSE,FALSE,FALSE,"Diri","Tudun Kuka","2012-07-30 10:56:41","http://formhub.s3.amazonaws.com/ossap/attachments/1343642287120.jpg","https://formhub.org/attachment/small?media_file=ossap/attachments/1343642287120.jpg","public",TRUE,FALSE,10,10,NA,FALSE,TRUE,TRUE,TRUE,NA,TRUE,FALSE,10,4,TRUE,TRUE,TRUE,TRUE,TRUE,FALSE,TRUE,TRUE,FALSE,FALSE,FALSE,FALSE,TRUE,TRUE,FALSE,NA,FALSE,TRUE,FALSE,FALSE,TRUE,TRUE,TRUE,TRUE,FALSE,664,664,NA,NA,"health"
"7713d177-8d04-4029-b6f7-347b0a498869","Kusada","Katsina","Northwest",452,FALSE,"katsina_kusada","Debi Health Clinic",FALSE,"661",FALSE,FALSE,NA,NA,FALSE,FALSE,"1345824169495.jpg","12.47016898 7.95337405 572.0 5.0",FALSE,0,0,0,NA,FALSE,FALSE,FALSE,FALSE,NA,FALSE,FALSE,FALSE,FALSE,FALSE,FALSE,FALSE,FALSE,FALSE,FALSE,FALSE,FALSE,NA,FALSE,NA,FALSE,FALSE,NA,"healthpostdispensary",FALSE,FALSE,FALSE,FALSE,FALSE,FALSE,FALSE,"Debi","Kusada","2012-08-24 17:01:42","http://formhub.s3.amazonaws.com/ossap/attachments/1345824169495.jpg","https://formhub.org/attachment/small?media_file=ossap/attachments/1345824169495.jpg","public",FALSE,FALSE,0,0,NA,FALSE,FALSE,NA,FALSE,NA,TRUE,FALSE,0,0,FALSE,NA,FALSE,FALSE,FALSE,FALSE,FALSE,NA,NA,FALSE,FALSE,FALSE,NA,NA,NA,NA,FALSE,NA,NA,NA,FALSE,FALSE,FALSE,NA,TRUE,452,452,NA,NA,"health"
"6cd78f86-c714-4a85-940d-b8e7853e82cd","Aliero","Kebbi","Northwest",43,NA,"kebbi_aliero","Ortopedic hospital",NA,"661",TRUE,FALSE,NA,NA,NA,FALSE,"1339772121963.jpg","12.29758604 4.47558756 278.6000061035156 5.0",NA,0,0,0,NA,NA,NA,NA,NA,NA,NA,NA,NA,NA,NA,NA,NA,NA,NA,NA,NA,NA,NA,NA,NA,FALSE,NA,NA,"specialisthospital",NA,NA,NA,NA,NA,NA,NA,"Aliero","S/fada 2 ","2012-06-15 15:54:35","http://formhub.s3.amazonaws.com/ossap/attachments/1339772121963.jpg","https://formhub.org/attachment/small?media_file=ossap/attachments/1339772121963.jpg",NA,FALSE,FALSE,0,0,NA,FALSE,NA,NA,FALSE,NA,FALSE,FALSE,0,0,NA,NA,NA,NA,NA,NA,NA,NA,NA,FALSE,FALSE,FALSE,NA,NA,NA,NA,NA,NA,NA,NA,NA,NA,NA,NA,NA,43,43,NA,NA,"health"
"95067f14-ad7f-499b-8001-9b7839a1b7c8","Shelleng","Adamawa","Northeast",676,TRUE,"adamawa_shelleng","nysc community base clinic",TRUE,"661",TRUE,TRUE,TRUE,NA,FALSE,TRUE,"1301040293489.jpg","9.884562492370605 12.023136019706726 219.0 4.0",TRUE,2,NA,1,NA,TRUE,TRUE,TRUE,TRUE,NA,FALSE,TRUE,TRUE,TRUE,TRUE,TRUE,TRUE,TRUE,TRUE,FALSE,TRUE,TRUE,TRUE,TRUE,FALSE,FALSE,FALSE,TRUE,"primaryhealthclinic",TRUE,TRUE,TRUE,TRUE,FALSE,TRUE,FALSE,"shelleng","shelleng","2011-03-25 09:03:25","http://formhub.s3.amazonaws.com/ossap/attachments/1301040293489.jpg","https://formhub.org/attachment/small?media_file=ossap/attachments/1301040293489.jpg","public",TRUE,TRUE,37,36,NA,TRUE,FALSE,TRUE,TRUE,TRUE,TRUE,FALSE,36,2,TRUE,TRUE,FALSE,TRUE,TRUE,FALSE,TRUE,TRUE,FALSE,TRUE,TRUE,TRUE,TRUE,TRUE,FALSE,NA,TRUE,TRUE,NA,TRUE,TRUE,TRUE,TRUE,TRUE,TRUE,676,676,NA,NA,"health"
"e5c1bc58-2e2f-4b44-83fa-6e055a16eba8","Ekwusigo","Anambra","Southeast",191,NA,"anambra_ekwusigo","Sax Hospital",NA,"661",TRUE,TRUE,TRUE,TRUE,NA,TRUE,"1339749936130.jpg","5.95802932 6.84972263 148.0 5.0",NA,0,0,1,NA,NA,NA,NA,NA,NA,NA,NA,NA,NA,NA,NA,NA,NA,NA,NA,NA,NA,TRUE,NA,FALSE,TRUE,NA,TRUE,"cottagehospital",NA,NA,NA,NA,NA,NA,NA,"Ozubulu","4","2012-06-15 10:42:47","http://formhub.s3.amazonaws.com/ossap/attachments/1339749936130.jpg","https://formhub.org/attachment/small?media_file=ossap/attachments/1339749936130.jpg",NA,TRUE,TRUE,2,0,NA,FALSE,NA,NA,TRUE,NA,TRUE,TRUE,0,1,NA,TRUE,NA,NA,NA,NA,NA,TRUE,TRUE,TRUE,FALSE,FALSE,FALSE,FALSE,FALSE,NA,NA,NA,NA,NA,NA,NA,NA,NA,NA,191,191,NA,NA,"health"
"d884a1d3-4eb8-4fe5-8949-7d9ec818d242","Umuahia North","Abia","Southeast",728,TRUE,"abia_umuahia_north","Federal Medical Centre Umuahia",TRUE,"661",TRUE,TRUE,TRUE,TRUE,TRUE,TRUE,"1336490806401.jpg","5.5224549 7.49361609 175.1999969482422 5.0",TRUE,NA,41,308,NA,TRUE,TRUE,TRUE,TRUE,TRUE,TRUE,TRUE,TRUE,TRUE,TRUE,TRUE,TRUE,TRUE,TRUE,TRUE,TRUE,TRUE,TRUE,TRUE,TRUE,TRUE,TRUE,TRUE,"federalmedicalcentre",TRUE,TRUE,TRUE,TRUE,TRUE,TRUE,TRUE,"Umuahia Urban","Urban 2","2012-05-08 16:25:31","http://formhub.s3.amazonaws.com/ossap/attachments/1336490806401.jpg","https://formhub.org/attachment/small?media_file=ossap/attachments/1336490806401.jpg","public",TRUE,TRUE,0,0,TRUE,TRUE,TRUE,TRUE,TRUE,NA,TRUE,TRUE,0,431,TRUE,TRUE,TRUE,TRUE,TRUE,TRUE,TRUE,TRUE,TRUE,TRUE,TRUE,TRUE,TRUE,TRUE,TRUE,TRUE,TRUE,FALSE,TRUE,TRUE,TRUE,TRUE,TRUE,FALSE,FALSE,728,728,NA,NA,"health"
"a5a113a1-dc9e-48e0-8ff0-054e566e46cb","Donga","Taraba","Northeast",161,NA,"taraba_donga","Cottage Hospital",NA,"661",FALSE,TRUE,NA,NA,NA,FALSE,"1336117136231.jpg","7.71964926 10.04862459 171.5 5.0",NA,0,2,0,NA,NA,NA,NA,NA,NA,NA,NA,NA,NA,NA,NA,NA,NA,NA,NA,NA,NA,NA,NA,FALSE,FALSE,NA,TRUE,"cottagehospital",NA,NA,NA,NA,NA,NA,NA,"Donga","Asibiti","2012-05-04 08:36:49","http://formhub.s3.amazonaws.com/ossap/attachments/1336117136231.jpg","https://formhub.org/attachment/small?media_file=ossap/attachments/1336117136231.jpg",NA,FALSE,TRUE,11,10,NA,FALSE,NA,NA,FALSE,NA,FALSE,FALSE,10,2,NA,NA,NA,NA,NA,NA,NA,TRUE,FALSE,FALSE,FALSE,FALSE,TRUE,TRUE,FALSE,NA,NA,NA,NA,NA,NA,NA,NA,NA,NA,161,161,NA,NA,"health"
"022c9027-853a-407c-b1e8-1b3219019b81","Ogoja","Cross River","South-South",569,TRUE,"cross_river_ogoja","Ekuaro Health Center Ogoja",FALSE,"661",TRUE,FALSE,TRUE,NA,FALSE,TRUE,"1346172902297.jpg","6.477068066596985 8.580247163772583 66.0 4.0",TRUE,0,0,0,NA,TRUE,TRUE,TRUE,FALSE,NA,FALSE,FALSE,TRUE,TRUE,TRUE,TRUE,TRUE,TRUE,TRUE,FALSE,TRUE,FALSE,TRUE,TRUE,NA,FALSE,FALSE,NA,"healthpostdispensary",TRUE,FALSE,TRUE,TRUE,FALSE,FALSE,FALSE,"Ekuaro","Ekajuk 1","2012-08-28 17:54:24","http://formhub.s3.amazonaws.com/ossap/attachments/1346172902297.jpg","https://formhub.org/attachment/small?media_file=ossap/attachments/1346172902297.jpg","public",TRUE,FALSE,1,0,NA,FALSE,FALSE,TRUE,FALSE,TRUE,TRUE,FALSE,0,0,TRUE,TRUE,TRUE,TRUE,TRUE,FALSE,FALSE,TRUE,NA,FALSE,FALSE,FALSE,TRUE,TRUE,FALSE,NA,FALSE,TRUE,NA,TRUE,FALSE,TRUE,TRUE,FALSE,FALSE,569,569,NA,NA,"health"
"a6f13375-b244-410f-a272-8c883f29c734","Ika South","Delta","South-South",324,TRUE,"delta_ika_south","Alihagu PHC",TRUE,"661",TRUE,FALSE,TRUE,NA,TRUE,TRUE,"1347007987508.jpg","6.247004270553589 6.134732365608215 178.0 4.0",TRUE,1,0,0,NA,TRUE,TRUE,TRUE,TRUE,NA,FALSE,FALSE,TRUE,TRUE,TRUE,TRUE,TRUE,TRUE,TRUE,FALSE,FALSE,FALSE,TRUE,FALSE,FALSE,FALSE,FALSE,TRUE,"primaryhealthcarecentre",TRUE,FALSE,FALSE,TRUE,FALSE,FALSE,FALSE,"Alihagu","4","2012-09-07 10:52:15","http://formhub.s3.amazonaws.com/ossap/attachments/1347007987508.jpg","https://formhub.org/attachment/small?media_file=ossap/attachments/1347007987508.jpg","public",TRUE,TRUE,1,1,NA,FALSE,FALSE,TRUE,TRUE,TRUE,TRUE,FALSE,1,2,TRUE,TRUE,FALSE,TRUE,TRUE,FALSE,FALSE,TRUE,FALSE,TRUE,FALSE,FALSE,TRUE,TRUE,FALSE,NA,FALSE,TRUE,FALSE,TRUE,FALSE,TRUE,TRUE,TRUE,FALSE,324,324,NA,NA,"health"
"3f71e2c7-4568-4e4d-871f-de20d0bc539c","Ehime-Mbano","Imo","Southeast",183,NA,"imo_ehime_mbano","Alaoma Maternity,Umuodu",NA,"661",FALSE,FALSE,TRUE,NA,NA,FALSE,"1336211109799.jpg","5.662475824356079 7.232480049133301 164.0 4.0",NA,1,0,0,NA,NA,NA,NA,NA,NA,NA,NA,NA,NA,NA,NA,NA,NA,NA,NA,NA,NA,TRUE,NA,NA,FALSE,NA,NA,"maternity",NA,NA,NA,NA,NA,NA,NA,"Umueze Ama","Umueze I","2012-05-05 10:43:42","http://formhub.s3.amazonaws.com/ossap/attachments/1336211109799.jpg","https://formhub.org/attachment/small?media_file=ossap/attachments/1336211109799.jpg",NA,TRUE,TRUE,0,0,NA,FALSE,NA,NA,TRUE,NA,TRUE,FALSE,0,1,NA,TRUE,NA,NA,NA,NA,NA,NA,NA,FALSE,FALSE,FALSE,NA,NA,NA,NA,NA,NA,NA,NA,NA,NA,NA,NA,NA,183,183,NA,NA,"health"
"40fefc72-1647-4790-8324-42820531d449","Damban","Bauchi","Northeast",142,TRUE,"bauchi_damban","Dispensary",FALSE,"661",TRUE,FALSE,NA,NA,FALSE,TRUE,"1346000560669.jpg","11.62666896 10.71852345 439.8999938964844 8.0",TRUE,0,0,0,NA,FALSE,FALSE,FALSE,FALSE,NA,FALSE,TRUE,FALSE,FALSE,TRUE,TRUE,TRUE,TRUE,TRUE,FALSE,FALSE,FALSE,NA,FALSE,NA,FALSE,FALSE,NA,"healthpostdispensary",FALSE,FALSE,FALSE,FALSE,FALSE,FALSE,FALSE,"Garuza","Garuza","2012-08-26 18:01:55","http://formhub.s3.amazonaws.com/ossap/attachments/1346000560669.jpg","https://formhub.org/attachment/small?media_file=ossap/attachments/1346000560669.jpg","public",FALSE,FALSE,1,1,NA,FALSE,FALSE,NA,FALSE,TRUE,TRUE,FALSE,1,0,TRUE,NA,FALSE,FALSE,FALSE,FALSE,FALSE,NA,NA,FALSE,FALSE,FALSE,TRUE,TRUE,FALSE,NA,FALSE,NA,NA,NA,FALSE,FALSE,TRUE,NA,TRUE,142,142,NA,NA,"health"
"340ae3b8-b1ac-4ba8-9232-05e55460ecf6","Mushin","Lagos","Southwest",516,FALSE,"lagos_mushin","Isolo Road PHC",TRUE,"661",FALSE,TRUE,TRUE,NA,TRUE,TRUE,"1342017927318.jpg","6.52714249 3.34915425 43.5 5.0",TRUE,0,0,0,NA,TRUE,TRUE,TRUE,FALSE,NA,TRUE,FALSE,TRUE,TRUE,TRUE,TRUE,TRUE,TRUE,TRUE,FALSE,FALSE,FALSE,NA,TRUE,NA,FALSE,FALSE,NA,"primaryhealthcarecentre",FALSE,FALSE,TRUE,TRUE,FALSE,FALSE,FALSE,"Mushin","Alafia","2012-07-11 15:44:48","http://formhub.s3.amazonaws.com/ossap/attachments/1342017927318.jpg","https://formhub.org/attachment/small?media_file=ossap/attachments/1342017927318.jpg","public",FALSE,TRUE,2,2,NA,TRUE,TRUE,TRUE,FALSE,TRUE,TRUE,FALSE,2,1,TRUE,TRUE,TRUE,TRUE,TRUE,FALSE,FALSE,NA,NA,FALSE,FALSE,FALSE,TRUE,TRUE,FALSE,NA,TRUE,NA,FALSE,TRUE,TRUE,FALSE,TRUE,NA,TRUE,516,516,NA,NA,"health"
"62a858f1a167829481d8a10001419ed0","Odukpani","Cross River","South-South",559,TRUE,"cross_river_odukpani","Prm Health Centre Ukwa Ibom",NA,"113",FALSE,FALSE,TRUE,NA,TRUE,TRUE,"1305283957585.jpg","5.494038462638855 7.967378497123718 38.0 4.0",FALSE,0,0,0,TRUE,FALSE,TRUE,NA,NA,NA,FALSE,TRUE,NA,TRUE,TRUE,TRUE,TRUE,TRUE,TRUE,FALSE,FALSE,FALSE,TRUE,FALSE,NA,NA,FALSE,NA,"primaryhealthcarecentre",NA,NA,NA,NA,NA,FALSE,FALSE,"Ukwa Obom","Ito Idere Ukwa",NA,"http://nmisstatic.s3.amazonaws.com/facimg/e/0/1305283957585.jpg","http://nmisstatic.s3.amazonaws.com/facimg/e/200/1305283957585.jpg",NA,FALSE,FALSE,1,1,TRUE,FALSE,FALSE,NA,FALSE,FALSE,TRUE,FALSE,1,0,NA,TRUE,NA,TRUE,TRUE,FALSE,NA,NA,FALSE,FALSE,FALSE,FALSE,TRUE,TRUE,FALSE,TRUE,FALSE,NA,TRUE,FALSE,FALSE,TRUE,TRUE,FALSE,NA,559,559,NA,NA,"health"
"508d7813-1ab6-40ed-9c2d-676761d5f541","Lau","Taraba","Northeast",466,NA,"taraba_lau","Elyon hospital",NA,"661",TRUE,FALSE,FALSE,TRUE,NA,FALSE,"1343301650099.jpg","9.255343079566956 11.618358492851257 200.0 4.0",NA,0,0,1,NA,NA,NA,NA,NA,NA,NA,NA,NA,NA,NA,NA,NA,NA,NA,NA,NA,NA,TRUE,NA,FALSE,TRUE,NA,TRUE,"cottagehospital",NA,NA,NA,NA,NA,NA,NA,"Nassarawa","Abbare a.","2012-07-26 12:20:03","http://formhub.s3.amazonaws.com/ossap/attachments/1343301650099.jpg","https://formhub.org/attachment/small?media_file=ossap/attachments/1343301650099.jpg",NA,TRUE,TRUE,3,3,NA,FALSE,NA,NA,TRUE,NA,TRUE,TRUE,3,0,NA,FALSE,NA,NA,NA,NA,NA,TRUE,FALSE,FALSE,FALSE,FALSE,NA,NA,NA,NA,NA,NA,NA,NA,NA,NA,NA,NA,NA,466,466,NA,NA,"health"
"17dab9d5-2f42-4af2-9ca2-eb24458e86d2","Madobi","Kano","Northwest",473,TRUE,"kano_madobi","Kauran mata health clinic",FALSE,"661",FALSE,FALSE,TRUE,NA,TRUE,TRUE,"1339677828677.jpg","11.86611734 8.47710532 457.29998779296875 5.0",FALSE,0,0,0,NA,TRUE,TRUE,TRUE,TRUE,NA,FALSE,FALSE,TRUE,TRUE,TRUE,TRUE,TRUE,TRUE,TRUE,FALSE,TRUE,FALSE,NA,FALSE,NA,FALSE,FALSE,NA,"primaryhealthcarecentre",TRUE,FALSE,FALSE,TRUE,FALSE,FALSE,FALSE,"Tudun koya","Kauran mata","2012-06-14 13:38:33","http://formhub.s3.amazonaws.com/ossap/attachments/1339677828677.jpg","https://formhub.org/attachment/small?media_file=ossap/attachments/1339677828677.jpg","public",FALSE,FALSE,3,2,NA,FALSE,FALSE,TRUE,FALSE,TRUE,TRUE,FALSE,2,0,TRUE,TRUE,TRUE,TRUE,TRUE,FALSE,FALSE,TRUE,NA,FALSE,FALSE,FALSE,TRUE,TRUE,FALSE,NA,FALSE,NA,NA,FALSE,FALSE,FALSE,TRUE,NA,TRUE,473,473,NA,NA,"health"
"e33bbd9f-5b9a-4625-a25b-4b55867ee850","Ingawa","Katsina","Northwest",349,TRUE,"katsina_ingawa","Central health Clinic",FALSE,"661",FALSE,FALSE,TRUE,NA,TRUE,TRUE,"1347016130181.jpg","12.64289639 8.04767857 534.0999755859375 5.0",TRUE,0,0,0,NA,FALSE,TRUE,FALSE,FALSE,NA,FALSE,FALSE,TRUE,TRUE,TRUE,TRUE,TRUE,TRUE,TRUE,FALSE,TRUE,FALSE,NA,FALSE,NA,FALSE,FALSE,NA,"primaryhealthclinic",FALSE,FALSE,FALSE,TRUE,FALSE,FALSE,FALSE,"Kofar-Yamma","Ingawa","2012-09-07 12:08:05","http://formhub.s3.amazonaws.com/ossap/attachments/1347016130181.jpg","https://formhub.org/attachment/small?media_file=ossap/attachments/1347016130181.jpg","public",FALSE,FALSE,1,1,NA,TRUE,TRUE,TRUE,FALSE,NA,TRUE,FALSE,1,0,TRUE,TRUE,FALSE,TRUE,TRUE,FALSE,FALSE,NA,NA,FALSE,FALSE,FALSE,NA,NA,NA,NA,FALSE,NA,TRUE,TRUE,FALSE,FALSE,TRUE,NA,TRUE,349,349,NA,NA,"health"
"3a086090-4a17-4398-a734-d5ef99049c5f","Faskari","Katsina","Northwest",223,FALSE,"katsina_faskari","Zari Yarsanta Dispensary",FALSE,"661",FALSE,FALSE,NA,NA,FALSE,FALSE,"1336218097856.jpg","11.79038088 7.27816887 601.5 5.0",FALSE,0,0,0,NA,FALSE,FALSE,FALSE,FALSE,NA,FALSE,FALSE,FALSE,FALSE,FALSE,FALSE,FALSE,FALSE,FALSE,FALSE,FALSE,FALSE,NA,FALSE,NA,FALSE,FALSE,NA,"healthpostdispensary",FALSE,FALSE,FALSE,FALSE,FALSE,FALSE,FALSE,"Zari Yarsanta","Ruwan Godiya","2012-05-05 12:39:13","http://formhub.s3.amazonaws.com/ossap/attachments/1336218097856.jpg","https://formhub.org/attachment/small?media_file=ossap/attachments/1336218097856.jpg","public",FALSE,FALSE,0,0,NA,FALSE,FALSE,NA,FALSE,NA,TRUE,FALSE,0,0,TRUE,NA,FALSE,FALSE,FALSE,FALSE,FALSE,NA,NA,FALSE,FALSE,FALSE,NA,NA,NA,NA,FALSE,NA,NA,NA,FALSE,FALSE,FALSE,NA,TRUE,223,223,NA,NA,"health"
"1275a7cc-5573-4221-a9e5-d39502706f6f","Ogba/Egbema/Ndoni","Rivers","South-South",562,NA,"rivers_ogba_egbema_ndoni","Lacem Hospitsl and Matrenity",NA,"661",TRUE,FALSE,TRUE,NA,NA,TRUE,"1342257698627.jpg","5.36041084 6.67822917 30.399999618530273 5.0",NA,2,0,2,NA,NA,NA,NA,NA,NA,NA,NA,NA,NA,NA,NA,NA,NA,NA,NA,NA,NA,TRUE,NA,TRUE,FALSE,NA,FALSE,"primaryhealthclinic",NA,NA,NA,NA,NA,NA,NA,"Ebogoro","5","2012-07-14 10:20:48","http://formhub.s3.amazonaws.com/ossap/attachments/1342257698627.jpg","https://formhub.org/attachment/small?media_file=ossap/attachments/1342257698627.jpg",NA,TRUE,TRUE,0,0,NA,FALSE,NA,NA,TRUE,NA,TRUE,FALSE,0,2,NA,TRUE,NA,NA,NA,NA,NA,TRUE,TRUE,TRUE,TRUE,TRUE,TRUE,TRUE,FALSE,NA,NA,NA,NA,NA,NA,NA,NA,NA,NA,562,562,NA,NA,"health"
"3702ae1f-8c74-4d5c-b92d-dd8da3b2d852","Warri South","Delta","South-South",746,TRUE,"delta_warri_south","Primary health care centre",TRUE,"661",TRUE,FALSE,TRUE,NA,TRUE,TRUE,"1338131908347.jpg","5.5714229 5.70460127 38.400001525878906 5.0",TRUE,0,0,0,NA,TRUE,TRUE,TRUE,TRUE,FALSE,TRUE,TRUE,TRUE,TRUE,TRUE,TRUE,TRUE,TRUE,TRUE,FALSE,TRUE,FALSE,TRUE,TRUE,FALSE,FALSE,FALSE,TRUE,"primaryhealthcarecentre",TRUE,TRUE,TRUE,TRUE,FALSE,FALSE,FALSE,"Ubeji","1","2012-05-27 16:17:29","http://formhub.s3.amazonaws.com/ossap/attachments/1338131908347.jpg","https://formhub.org/attachment/small?media_file=ossap/attachments/1338131908347.jpg","public",TRUE,TRUE,1,1,FALSE,FALSE,TRUE,TRUE,TRUE,TRUE,TRUE,FALSE,1,3,TRUE,TRUE,TRUE,TRUE,FALSE,TRUE,FALSE,TRUE,FALSE,TRUE,TRUE,FALSE,TRUE,TRUE,FALSE,FALSE,FALSE,FALSE,FALSE,TRUE,FALSE,TRUE,TRUE,FALSE,FALSE,746,746,NA,NA,"health"
"b9141438-a940-4ce3-b352-9c5352608d9d","Mani","Katsina","Northwest",487,TRUE,"katsina_mani","Duwan health clinic",FALSE,"661",TRUE,TRUE,TRUE,NA,TRUE,TRUE,"1345972306797.jpg","12.78637886 8.07116658 546.7999877929688 5.0",TRUE,NA,2,NA,NA,FALSE,FALSE,TRUE,TRUE,FALSE,FALSE,TRUE,TRUE,TRUE,TRUE,TRUE,TRUE,TRUE,TRUE,FALSE,FALSE,FALSE,NA,FALSE,NA,FALSE,FALSE,NA,"primaryhealthclinic",FALSE,TRUE,TRUE,TRUE,FALSE,FALSE,FALSE,"Duwan","Duwan / makau","2012-08-26 10:10:40","http://formhub.s3.amazonaws.com/ossap/attachments/1345972306797.jpg","https://formhub.org/attachment/small?media_file=ossap/attachments/1345972306797.jpg","public",FALSE,FALSE,5,5,FALSE,FALSE,FALSE,TRUE,FALSE,TRUE,TRUE,FALSE,5,0,TRUE,TRUE,TRUE,TRUE,TRUE,FALSE,FALSE,NA,NA,FALSE,FALSE,FALSE,NA,NA,NA,FALSE,FALSE,NA,NA,TRUE,FALSE,FALSE,TRUE,NA,TRUE,487,487,NA,NA,"health"
"243481f6-6e00-4c3b-aa12-b9099c6c3761","Remo North","Ogun","Southwest",651,NA,"ogun_remo_north","Anu Olu poly clinic",NA,"661",TRUE,TRUE,TRUE,TRUE,NA,TRUE,"1345901542576.jpg","6.98168426 3.68639208 123.19999694824219 5.0",NA,0,1,2,NA,NA,NA,NA,NA,NA,NA,NA,NA,NA,NA,NA,NA,NA,NA,NA,NA,NA,TRUE,NA,TRUE,TRUE,NA,TRUE,"comprehensivehealthcentre",NA,NA,NA,NA,NA,NA,NA,"Isara","Isara","2012-08-25 14:31:28","http://formhub.s3.amazonaws.com/ossap/attachments/1345901542576.jpg","https://formhub.org/attachment/small?media_file=ossap/attachments/1345901542576.jpg",NA,TRUE,TRUE,3,3,NA,FALSE,NA,NA,TRUE,NA,FALSE,TRUE,3,3,NA,TRUE,NA,NA,NA,NA,NA,TRUE,TRUE,TRUE,TRUE,TRUE,TRUE,TRUE,FALSE,NA,NA,NA,NA,NA,NA,NA,NA,NA,NA,651,651,NA,NA,"health"
"c2896e89-1c20-4a5a-a91d-75cc7d261ebd","Ijebu North","Ogun","Southwest",316,TRUE,"ogun_ijebu_north","Okeogbe",TRUE,"661",TRUE,FALSE,TRUE,NA,FALSE,TRUE,"1338068361541.jpg","6.97047814 3.81543107 102.19999694824219 5.0",FALSE,0,0,0,NA,FALSE,TRUE,FALSE,FALSE,NA,FALSE,FALSE,TRUE,TRUE,TRUE,TRUE,TRUE,TRUE,TRUE,FALSE,FALSE,FALSE,TRUE,FALSE,NA,FALSE,FALSE,NA,"primaryhealthclinic",FALSE,FALSE,FALSE,TRUE,FALSE,FALSE,FALSE,"Agoiwoye","Akogelete","2012-05-25 22:17:46","http://formhub.s3.amazonaws.com/ossap/attachments/1338068361541.jpg","https://formhub.org/attachment/small?media_file=ossap/attachments/1338068361541.jpg","public",TRUE,FALSE,2,1,NA,FALSE,FALSE,NA,TRUE,TRUE,TRUE,FALSE,1,0,TRUE,TRUE,FALSE,FALSE,FALSE,FALSE,FALSE,NA,NA,FALSE,FALSE,FALSE,TRUE,TRUE,FALSE,NA,FALSE,TRUE,TRUE,NA,FALSE,TRUE,TRUE,FALSE,FALSE,316,316,NA,NA,"health"
"fb359d0fc746194cf343784520807b04","Wushishi","Niger","North-Central",753,TRUE,"niger_wushishi","BHC Gwarjiko",NA,"113",FALSE,FALSE,TRUE,NA,TRUE,FALSE,"1305362184843.jpg","9.621309041976929 5.989190340042114 110.0 3.0",TRUE,0,0,0,FALSE,FALSE,TRUE,NA,NA,NA,FALSE,FALSE,NA,TRUE,TRUE,TRUE,TRUE,TRUE,TRUE,FALSE,TRUE,FALSE,TRUE,FALSE,NA,NA,FALSE,NA,"primaryhealthclinic",TRUE,NA,NA,NA,NA,FALSE,FALSE,"Gwarjiko","Gwarjiko",NA,"http://nmisstatic.s3.amazonaws.com/facimg/5/0/1305362184843.jpg","http://nmisstatic.s3.amazonaws.com/facimg/5/200/1305362184843.jpg","public",TRUE,FALSE,0,0,NA,FALSE,TRUE,NA,TRUE,FALSE,FALSE,NA,0,0,NA,TRUE,NA,TRUE,FALSE,FALSE,NA,TRUE,TRUE,FALSE,FALSE,FALSE,FALSE,FALSE,FALSE,TRUE,FALSE,NA,TRUE,TRUE,FALSE,TRUE,TRUE,TRUE,NA,753,753,NA,NA,"health"
"b551f257-2125-4c37-baf8-b4aa634d9020","Atakunmosa West","Osun","Southwest",67,FALSE,"osun_atakunmosa_west","Primary health care araromi
",FALSE,"661",FALSE,FALSE,TRUE,NA,TRUE,FALSE,"1338031953114.jpg","7.52274164 4.62185659 407.20001220703125 5.0",FALSE,0,0,0,NA,FALSE,TRUE,FALSE,FALSE,NA,FALSE,FALSE,TRUE,FALSE,FALSE,FALSE,FALSE,FALSE,FALSE,FALSE,FALSE,FALSE,FALSE,FALSE,NA,FALSE,FALSE,NA,"primaryhealthcarecentre",FALSE,FALSE,FALSE,TRUE,FALSE,FALSE,FALSE,"Araromi itagun","Ward 6","2012-05-26 12:28:53","http://formhub.s3.amazonaws.com/ossap/attachments/1338031953114.jpg","https://formhub.org/attachment/small?media_file=ossap/attachments/1338031953114.jpg","public",TRUE,FALSE,1,1,NA,FALSE,FALSE,NA,FALSE,NA,FALSE,FALSE,1,0,TRUE,TRUE,TRUE,TRUE,TRUE,FALSE,FALSE,NA,NA,FALSE,FALSE,FALSE,NA,NA,NA,NA,FALSE,NA,TRUE,NA,FALSE,FALSE,FALSE,NA,TRUE,174,67,3.87576113691908e-05,0.00429595021221389,"health"
"b8586294-c76c-4ca8-87cd-e960a7bb13da","Babura","Jigawa","Northwest",79,TRUE,"jigawa_babura","BASIC HEALTH CENTER",FALSE,"661",TRUE,FALSE,TRUE,NA,TRUE,FALSE,"1343402084874.jpg","12.50424354 8.78580438 416.6000061035156 5.0",FALSE,0,0,0,NA,TRUE,TRUE,TRUE,TRUE,NA,FALSE,FALSE,TRUE,TRUE,TRUE,TRUE,TRUE,TRUE,TRUE,FALSE,FALSE,FALSE,FALSE,FALSE,NA,FALSE,FALSE,NA,"primaryhealthclinic",TRUE,TRUE,TRUE,FALSE,FALSE,FALSE,FALSE,"TASHAR DANKYAMBO","GASAKOLI","2012-07-27 16:13:16","http://formhub.s3.amazonaws.com/ossap/attachments/1343402084874.jpg","https://formhub.org/attachment/small?media_file=ossap/attachments/1343402084874.jpg","public",TRUE,FALSE,4,4,NA,FALSE,TRUE,TRUE,FALSE,TRUE,TRUE,FALSE,4,0,TRUE,TRUE,TRUE,TRUE,TRUE,FALSE,FALSE,TRUE,NA,FALSE,FALSE,FALSE,TRUE,TRUE,FALSE,NA,FALSE,FALSE,FALSE,TRUE,FALSE,TRUE,TRUE,FALSE,FALSE,79,79,NA,NA,"health"
"28163884-65ea-4eec-b1a3-8ee9fe3e5627","Uhunmwonde","Edo","South-South",722,TRUE,"edo_uhunmwonde","PRIMARY HEALTH CENTRE",FALSE,"661",TRUE,FALSE,TRUE,NA,FALSE,TRUE,"1347188178010.jpg","6.679955720901489 6.085991263389587 306.0 4.0",FALSE,0,0,0,NA,FALSE,TRUE,FALSE,FALSE,NA,FALSE,TRUE,TRUE,TRUE,TRUE,TRUE,TRUE,TRUE,TRUE,FALSE,FALSE,FALSE,TRUE,FALSE,NA,FALSE,FALSE,NA,"primaryhealthcarecentre",TRUE,FALSE,FALSE,TRUE,FALSE,FALSE,FALSE,"UGIANMWEN","1","2012-09-09 10:55:20","http://formhub.s3.amazonaws.com/ossap/attachments/1347188178010.jpg","https://formhub.org/attachment/small?media_file=ossap/attachments/1347188178010.jpg","public",TRUE,FALSE,3,1,NA,FALSE,TRUE,NA,TRUE,TRUE,TRUE,FALSE,1,0,TRUE,TRUE,FALSE,TRUE,TRUE,FALSE,FALSE,TRUE,NA,FALSE,FALSE,FALSE,TRUE,TRUE,FALSE,NA,FALSE,TRUE,TRUE,NA,FALSE,TRUE,TRUE,TRUE,FALSE,722,722,NA,NA,"health"
"59e36aba-ddb4-42f4-ac12-e4b9d6b3cfab","Ifelodun","Osun","Southwest",304,NA,"osun_ifelodun","Titilope medical centre",NA,"661",TRUE,TRUE,TRUE,TRUE,NA,TRUE,"1345981775172.jpg","7.91940107 4.65994516 421.70001220703125 5.0",NA,6,1,1,NA,NA,NA,NA,NA,NA,NA,NA,NA,NA,NA,NA,NA,NA,NA,NA,NA,NA,TRUE,NA,TRUE,TRUE,NA,TRUE,"cottagehospital",NA,NA,NA,NA,NA,NA,NA,"Adejumo/abeobi","Adejumo/abeobi","2012-08-26 12:44:09","http://formhub.s3.amazonaws.com/ossap/attachments/1345981775172.jpg","https://formhub.org/attachment/small?media_file=ossap/attachments/1345981775172.jpg",NA,TRUE,TRUE,5,2,NA,FALSE,NA,NA,TRUE,NA,FALSE,TRUE,2,0,NA,TRUE,NA,NA,NA,NA,NA,TRUE,TRUE,TRUE,TRUE,TRUE,TRUE,TRUE,TRUE,NA,NA,NA,NA,NA,NA,NA,NA,NA,NA,304,304,NA,NA,"health"
"f3aa66d2-2b35-4906-b9fb-d865b452ec65","Ughelli South","Delta","South-South",720,FALSE,"delta_ughelli_south","Primary.heath.care",FALSE,"661",FALSE,FALSE,NA,NA,FALSE,FALSE,"1342170347763.jpg","5.37297057 5.91941726 25.200000762939453 5.0",FALSE,1,0,0,NA,FALSE,FALSE,FALSE,FALSE,NA,FALSE,FALSE,FALSE,FALSE,FALSE,FALSE,FALSE,FALSE,FALSE,FALSE,FALSE,FALSE,NA,FALSE,NA,FALSE,FALSE,NA,"primaryhealthcarecentre",FALSE,FALSE,FALSE,FALSE,FALSE,FALSE,FALSE,"Oviri.olomu","2","2012-07-13 10:04:43","http://formhub.s3.amazonaws.com/ossap/attachments/1342170347763.jpg","https://formhub.org/attachment/small?media_file=ossap/attachments/1342170347763.jpg","public",FALSE,TRUE,0,0,NA,FALSE,FALSE,NA,FALSE,NA,FALSE,FALSE,0,0,TRUE,NA,FALSE,FALSE,FALSE,FALSE,FALSE,NA,NA,FALSE,FALSE,FALSE,NA,NA,NA,NA,FALSE,TRUE,FALSE,NA,FALSE,TRUE,FALSE,FALSE,FALSE,720,720,NA,NA,"health"
